"qc_test","variable","county","month","sensor_type","threshold","threshold_value"
"grossrange","dissolved_oxygen_uncorrected_mg_per_l",NA,NA,"hobo","sensor_min",0
"grossrange","dissolved_oxygen_uncorrected_mg_per_l",NA,NA,"hobo","sensor_max",30
"grossrange","dissolved_oxygen_percent_saturation",NA,NA,"aquameasure","sensor_min",0
"grossrange","dissolved_oxygen_percent_saturation",NA,NA,"aquameasure","sensor_max",150
"grossrange","salinity_psu",NA,NA,"aquameasure","sensor_min",0
"grossrange","salinity_psu",NA,NA,"aquameasure","sensor_max",40
"grossrange","sensor_depth_measured_m",NA,NA,"vr2ar","sensor_min",0
"grossrange","sensor_depth_measured_m",NA,NA,"vr2ar","sensor_max",500
"grossrange","sensor_depth_measured_m",NA,NA,"aquameasure","sensor_min",0
"grossrange","sensor_depth_measured_m",NA,NA,"aquameasure","sensor_max",100
"grossrange","temperature_degree_c",NA,NA,"aquameasure","sensor_min",-5
"grossrange","temperature_degree_c",NA,NA,"aquameasure","sensor_max",35
"grossrange","temperature_degree_c",NA,NA,"hobo","sensor_min",-40
"grossrange","temperature_degree_c",NA,NA,"hobo","sensor_max",70
"grossrange","temperature_degree_c",NA,NA,"vr2ar","sensor_min",-5
"grossrange","temperature_degree_c",NA,NA,"vr2ar","sensor_max",40
"grossrange","temperature_degree_c",NA,NA,"tidbit","sensor_min",-20
"grossrange","temperature_degree_c",NA,NA,"tidbit","sensor_max",50
"climatology","dissolved_oxygen_uncorrected_mg_per_l",NA,1,NA,"season_min",11.203
"climatology","dissolved_oxygen_uncorrected_mg_per_l",NA,1,NA,"season_max",14.109
"climatology","dissolved_oxygen_uncorrected_mg_per_l",NA,2,NA,"season_min",11.747
"climatology","dissolved_oxygen_uncorrected_mg_per_l",NA,2,NA,"season_max",15.043
"climatology","dissolved_oxygen_uncorrected_mg_per_l",NA,3,NA,"season_min",11.394
"climatology","dissolved_oxygen_uncorrected_mg_per_l",NA,3,NA,"season_max",15.675
"climatology","dissolved_oxygen_uncorrected_mg_per_l",NA,4,NA,"season_min",11.325
"climatology","dissolved_oxygen_uncorrected_mg_per_l",NA,4,NA,"season_max",15.396
"climatology","dissolved_oxygen_uncorrected_mg_per_l",NA,5,NA,"season_min",11.289
"climatology","dissolved_oxygen_uncorrected_mg_per_l",NA,5,NA,"season_max",14.279
"climatology","dissolved_oxygen_uncorrected_mg_per_l",NA,6,NA,"season_min",9.203
"climatology","dissolved_oxygen_uncorrected_mg_per_l",NA,6,NA,"season_max",15.194
"climatology","dissolved_oxygen_uncorrected_mg_per_l",NA,7,NA,"season_min",8.696
"climatology","dissolved_oxygen_uncorrected_mg_per_l",NA,7,NA,"season_max",15.134
"climatology","dissolved_oxygen_uncorrected_mg_per_l",NA,8,NA,"season_min",7.933
"climatology","dissolved_oxygen_uncorrected_mg_per_l",NA,8,NA,"season_max",15.647
"climatology","dissolved_oxygen_uncorrected_mg_per_l",NA,9,NA,"season_min",7.246
"climatology","dissolved_oxygen_uncorrected_mg_per_l",NA,9,NA,"season_max",12.034
"climatology","dissolved_oxygen_uncorrected_mg_per_l",NA,10,NA,"season_min",7.794
"climatology","dissolved_oxygen_uncorrected_mg_per_l",NA,10,NA,"season_max",10.288
"climatology","dissolved_oxygen_uncorrected_mg_per_l",NA,11,NA,"season_min",10.489
"climatology","dissolved_oxygen_uncorrected_mg_per_l",NA,11,NA,"season_max",11.806
"climatology","dissolved_oxygen_uncorrected_mg_per_l",NA,12,NA,"season_min",10.241
"climatology","dissolved_oxygen_uncorrected_mg_per_l",NA,12,NA,"season_max",13.081
"grossrange","dissolved_oxygen_uncorrected_mg_per_l",NA,NA,NA,"user_min",8.98
"grossrange","dissolved_oxygen_uncorrected_mg_per_l",NA,NA,NA,"user_max",15.738
"rolling_sd","dissolved_oxygen_uncorrected_mg_per_l",NA,NA,NA,"rolling_sd_max",0.66
"climatology","dissolved_oxygen_percent_saturation",NA,1,NA,"season_min",89.197
"climatology","dissolved_oxygen_percent_saturation",NA,1,NA,"season_max",115.184
"climatology","dissolved_oxygen_percent_saturation",NA,2,NA,"season_min",89.865
"climatology","dissolved_oxygen_percent_saturation",NA,2,NA,"season_max",115.111
"climatology","dissolved_oxygen_percent_saturation",NA,3,NA,"season_min",90.919
"climatology","dissolved_oxygen_percent_saturation",NA,3,NA,"season_max",116.161
"climatology","dissolved_oxygen_percent_saturation",NA,4,NA,"season_min",94.579
"climatology","dissolved_oxygen_percent_saturation",NA,4,NA,"season_max",118.66
"climatology","dissolved_oxygen_percent_saturation",NA,5,NA,"season_min",93.788
"climatology","dissolved_oxygen_percent_saturation",NA,5,NA,"season_max",121.097
"climatology","dissolved_oxygen_percent_saturation",NA,6,NA,"season_min",94.354
"climatology","dissolved_oxygen_percent_saturation",NA,6,NA,"season_max",123.91
"climatology","dissolved_oxygen_percent_saturation",NA,7,NA,"season_min",93.522
"climatology","dissolved_oxygen_percent_saturation",NA,7,NA,"season_max",126.47
"climatology","dissolved_oxygen_percent_saturation",NA,8,NA,"season_min",90.371
"climatology","dissolved_oxygen_percent_saturation",NA,8,NA,"season_max",128.339
"climatology","dissolved_oxygen_percent_saturation",NA,9,NA,"season_min",88.222
"climatology","dissolved_oxygen_percent_saturation",NA,9,NA,"season_max",120.887
"climatology","dissolved_oxygen_percent_saturation",NA,10,NA,"season_min",85.506
"climatology","dissolved_oxygen_percent_saturation",NA,10,NA,"season_max",118.607
"climatology","dissolved_oxygen_percent_saturation",NA,11,NA,"season_min",86.221
"climatology","dissolved_oxygen_percent_saturation",NA,11,NA,"season_max",116.153
"climatology","dissolved_oxygen_percent_saturation",NA,12,NA,"season_min",86.987
"climatology","dissolved_oxygen_percent_saturation",NA,12,NA,"season_max",114.675
"grossrange","dissolved_oxygen_percent_saturation",NA,NA,NA,"user_min",87.183
"grossrange","dissolved_oxygen_percent_saturation",NA,NA,NA,"user_max",121.274
"rolling_sd","dissolved_oxygen_percent_saturation",NA,NA,NA,"rolling_sd_max",2.99
"climatology","salinity_psu","Inverness",1,NA,"season_min",NA
"climatology","salinity_psu","Inverness",2,NA,"season_min",NA
"climatology","salinity_psu","Inverness",3,NA,"season_min",NA
"climatology","salinity_psu","Inverness",4,NA,"season_min",NA
"climatology","salinity_psu","Inverness",5,NA,"season_min",NA
"climatology","salinity_psu","Inverness",6,NA,"season_min",NA
"climatology","salinity_psu","Inverness",7,NA,"season_min",NA
"climatology","salinity_psu","Inverness",8,NA,"season_min",NA
"climatology","salinity_psu","Inverness",9,NA,"season_min",NA
"climatology","salinity_psu","Inverness",10,NA,"season_min",NA
"climatology","salinity_psu","Inverness",11,NA,"season_min",NA
"climatology","salinity_psu","Inverness",12,NA,"season_min",NA
"climatology","salinity_psu",NA,1,NA,"season_min",NA
"climatology","salinity_psu",NA,2,NA,"season_min",NA
"climatology","salinity_psu",NA,3,NA,"season_min",NA
"climatology","salinity_psu",NA,4,NA,"season_min",NA
"climatology","salinity_psu",NA,5,NA,"season_min",NA
"climatology","salinity_psu",NA,6,NA,"season_min",NA
"climatology","salinity_psu",NA,7,NA,"season_min",NA
"climatology","salinity_psu",NA,8,NA,"season_min",NA
"climatology","salinity_psu",NA,9,NA,"season_min",NA
"climatology","salinity_psu",NA,10,NA,"season_min",NA
"climatology","salinity_psu",NA,11,NA,"season_min",NA
"climatology","salinity_psu",NA,12,NA,"season_min",NA
"climatology","salinity_psu","Inverness",1,NA,"season_max",NA
"climatology","salinity_psu","Inverness",2,NA,"season_max",NA
"climatology","salinity_psu","Inverness",3,NA,"season_max",NA
"climatology","salinity_psu","Inverness",4,NA,"season_max",NA
"climatology","salinity_psu","Inverness",5,NA,"season_max",NA
"climatology","salinity_psu","Inverness",6,NA,"season_max",NA
"climatology","salinity_psu","Inverness",7,NA,"season_max",NA
"climatology","salinity_psu","Inverness",8,NA,"season_max",NA
"climatology","salinity_psu","Inverness",9,NA,"season_max",NA
"climatology","salinity_psu","Inverness",10,NA,"season_max",NA
"climatology","salinity_psu","Inverness",11,NA,"season_max",NA
"climatology","salinity_psu","Inverness",12,NA,"season_max",NA
"climatology","salinity_psu",NA,1,NA,"season_max",NA
"climatology","salinity_psu",NA,2,NA,"season_max",NA
"climatology","salinity_psu",NA,3,NA,"season_max",NA
"climatology","salinity_psu",NA,4,NA,"season_max",NA
"climatology","salinity_psu",NA,5,NA,"season_max",NA
"climatology","salinity_psu",NA,6,NA,"season_max",NA
"climatology","salinity_psu",NA,7,NA,"season_max",NA
"climatology","salinity_psu",NA,8,NA,"season_max",NA
"climatology","salinity_psu",NA,9,NA,"season_max",NA
"climatology","salinity_psu",NA,10,NA,"season_max",NA
"climatology","salinity_psu",NA,11,NA,"season_max",NA
"climatology","salinity_psu",NA,12,NA,"season_max",NA
"grossrange","salinity_psu","Inverness",NA,NA,"user_min",19.8
"grossrange","salinity_psu","Inverness",NA,NA,"user_max",24.703
"grossrange","salinity_psu",NA,NA,NA,"user_min",26.317
"grossrange","salinity_psu",NA,NA,NA,"user_max",34.655
"rolling_sd","salinity_psu","Inverness",NA,NA,"rolling_sd_max",0.26
"rolling_sd","salinity_psu",NA,NA,NA,"rolling_sd_max",0.42
"climatology","sensor_depth_measured_m","Annapolis",1,NA,"season_min",NA
"climatology","sensor_depth_measured_m","Annapolis",2,NA,"season_min",NA
"climatology","sensor_depth_measured_m","Annapolis",3,NA,"season_min",NA
"climatology","sensor_depth_measured_m","Annapolis",4,NA,"season_min",NA
"climatology","sensor_depth_measured_m","Annapolis",5,NA,"season_min",NA
"climatology","sensor_depth_measured_m","Annapolis",6,NA,"season_min",NA
"climatology","sensor_depth_measured_m","Annapolis",7,NA,"season_min",NA
"climatology","sensor_depth_measured_m","Annapolis",8,NA,"season_min",NA
"climatology","sensor_depth_measured_m","Annapolis",9,NA,"season_min",NA
"climatology","sensor_depth_measured_m","Annapolis",10,NA,"season_min",NA
"climatology","sensor_depth_measured_m","Annapolis",11,NA,"season_min",NA
"climatology","sensor_depth_measured_m","Annapolis",12,NA,"season_min",NA
"climatology","sensor_depth_measured_m","Antigonish",1,NA,"season_min",NA
"climatology","sensor_depth_measured_m","Antigonish",2,NA,"season_min",NA
"climatology","sensor_depth_measured_m","Antigonish",3,NA,"season_min",NA
"climatology","sensor_depth_measured_m","Antigonish",4,NA,"season_min",NA
"climatology","sensor_depth_measured_m","Antigonish",5,NA,"season_min",NA
"climatology","sensor_depth_measured_m","Antigonish",6,NA,"season_min",NA
"climatology","sensor_depth_measured_m","Antigonish",7,NA,"season_min",NA
"climatology","sensor_depth_measured_m","Antigonish",8,NA,"season_min",NA
"climatology","sensor_depth_measured_m","Antigonish",9,NA,"season_min",NA
"climatology","sensor_depth_measured_m","Antigonish",10,NA,"season_min",NA
"climatology","sensor_depth_measured_m","Antigonish",11,NA,"season_min",NA
"climatology","sensor_depth_measured_m","Antigonish",12,NA,"season_min",NA
"climatology","sensor_depth_measured_m","Colchester",1,NA,"season_min",NA
"climatology","sensor_depth_measured_m","Colchester",2,NA,"season_min",NA
"climatology","sensor_depth_measured_m","Colchester",3,NA,"season_min",NA
"climatology","sensor_depth_measured_m","Colchester",4,NA,"season_min",NA
"climatology","sensor_depth_measured_m","Colchester",5,NA,"season_min",NA
"climatology","sensor_depth_measured_m","Colchester",6,NA,"season_min",NA
"climatology","sensor_depth_measured_m","Colchester",7,NA,"season_min",NA
"climatology","sensor_depth_measured_m","Colchester",8,NA,"season_min",NA
"climatology","sensor_depth_measured_m","Colchester",9,NA,"season_min",NA
"climatology","sensor_depth_measured_m","Colchester",10,NA,"season_min",NA
"climatology","sensor_depth_measured_m","Colchester",11,NA,"season_min",NA
"climatology","sensor_depth_measured_m","Colchester",12,NA,"season_min",NA
"climatology","sensor_depth_measured_m","Digby",1,NA,"season_min",NA
"climatology","sensor_depth_measured_m","Digby",2,NA,"season_min",NA
"climatology","sensor_depth_measured_m","Digby",3,NA,"season_min",NA
"climatology","sensor_depth_measured_m","Digby",4,NA,"season_min",NA
"climatology","sensor_depth_measured_m","Digby",5,NA,"season_min",NA
"climatology","sensor_depth_measured_m","Digby",6,NA,"season_min",NA
"climatology","sensor_depth_measured_m","Digby",7,NA,"season_min",NA
"climatology","sensor_depth_measured_m","Digby",8,NA,"season_min",NA
"climatology","sensor_depth_measured_m","Digby",9,NA,"season_min",NA
"climatology","sensor_depth_measured_m","Digby",10,NA,"season_min",NA
"climatology","sensor_depth_measured_m","Digby",11,NA,"season_min",NA
"climatology","sensor_depth_measured_m","Digby",12,NA,"season_min",NA
"climatology","sensor_depth_measured_m","Guysborough",1,NA,"season_min",NA
"climatology","sensor_depth_measured_m","Guysborough",2,NA,"season_min",NA
"climatology","sensor_depth_measured_m","Guysborough",3,NA,"season_min",NA
"climatology","sensor_depth_measured_m","Guysborough",4,NA,"season_min",NA
"climatology","sensor_depth_measured_m","Guysborough",5,NA,"season_min",NA
"climatology","sensor_depth_measured_m","Guysborough",6,NA,"season_min",NA
"climatology","sensor_depth_measured_m","Guysborough",7,NA,"season_min",NA
"climatology","sensor_depth_measured_m","Guysborough",8,NA,"season_min",NA
"climatology","sensor_depth_measured_m","Guysborough",9,NA,"season_min",NA
"climatology","sensor_depth_measured_m","Guysborough",10,NA,"season_min",NA
"climatology","sensor_depth_measured_m","Guysborough",11,NA,"season_min",NA
"climatology","sensor_depth_measured_m","Guysborough",12,NA,"season_min",NA
"climatology","sensor_depth_measured_m","Halifax",1,NA,"season_min",NA
"climatology","sensor_depth_measured_m","Halifax",2,NA,"season_min",NA
"climatology","sensor_depth_measured_m","Halifax",3,NA,"season_min",NA
"climatology","sensor_depth_measured_m","Halifax",4,NA,"season_min",NA
"climatology","sensor_depth_measured_m","Halifax",5,NA,"season_min",NA
"climatology","sensor_depth_measured_m","Halifax",6,NA,"season_min",NA
"climatology","sensor_depth_measured_m","Halifax",7,NA,"season_min",NA
"climatology","sensor_depth_measured_m","Halifax",8,NA,"season_min",NA
"climatology","sensor_depth_measured_m","Halifax",9,NA,"season_min",NA
"climatology","sensor_depth_measured_m","Halifax",10,NA,"season_min",NA
"climatology","sensor_depth_measured_m","Halifax",11,NA,"season_min",NA
"climatology","sensor_depth_measured_m","Halifax",12,NA,"season_min",NA
"climatology","sensor_depth_measured_m","Lunenburg",1,NA,"season_min",NA
"climatology","sensor_depth_measured_m","Lunenburg",2,NA,"season_min",NA
"climatology","sensor_depth_measured_m","Lunenburg",3,NA,"season_min",NA
"climatology","sensor_depth_measured_m","Lunenburg",4,NA,"season_min",NA
"climatology","sensor_depth_measured_m","Lunenburg",5,NA,"season_min",NA
"climatology","sensor_depth_measured_m","Lunenburg",6,NA,"season_min",NA
"climatology","sensor_depth_measured_m","Lunenburg",7,NA,"season_min",NA
"climatology","sensor_depth_measured_m","Lunenburg",8,NA,"season_min",NA
"climatology","sensor_depth_measured_m","Lunenburg",9,NA,"season_min",NA
"climatology","sensor_depth_measured_m","Lunenburg",10,NA,"season_min",NA
"climatology","sensor_depth_measured_m","Lunenburg",11,NA,"season_min",NA
"climatology","sensor_depth_measured_m","Lunenburg",12,NA,"season_min",NA
"climatology","sensor_depth_measured_m","Pictou",1,NA,"season_min",NA
"climatology","sensor_depth_measured_m","Pictou",2,NA,"season_min",NA
"climatology","sensor_depth_measured_m","Pictou",3,NA,"season_min",NA
"climatology","sensor_depth_measured_m","Pictou",4,NA,"season_min",NA
"climatology","sensor_depth_measured_m","Pictou",5,NA,"season_min",NA
"climatology","sensor_depth_measured_m","Pictou",6,NA,"season_min",NA
"climatology","sensor_depth_measured_m","Pictou",7,NA,"season_min",NA
"climatology","sensor_depth_measured_m","Pictou",8,NA,"season_min",NA
"climatology","sensor_depth_measured_m","Pictou",9,NA,"season_min",NA
"climatology","sensor_depth_measured_m","Pictou",10,NA,"season_min",NA
"climatology","sensor_depth_measured_m","Pictou",11,NA,"season_min",NA
"climatology","sensor_depth_measured_m","Pictou",12,NA,"season_min",NA
"climatology","sensor_depth_measured_m","Queens",1,NA,"season_min",NA
"climatology","sensor_depth_measured_m","Queens",2,NA,"season_min",NA
"climatology","sensor_depth_measured_m","Queens",3,NA,"season_min",NA
"climatology","sensor_depth_measured_m","Queens",4,NA,"season_min",NA
"climatology","sensor_depth_measured_m","Queens",5,NA,"season_min",NA
"climatology","sensor_depth_measured_m","Queens",6,NA,"season_min",NA
"climatology","sensor_depth_measured_m","Queens",7,NA,"season_min",NA
"climatology","sensor_depth_measured_m","Queens",8,NA,"season_min",NA
"climatology","sensor_depth_measured_m","Queens",9,NA,"season_min",NA
"climatology","sensor_depth_measured_m","Queens",10,NA,"season_min",NA
"climatology","sensor_depth_measured_m","Queens",11,NA,"season_min",NA
"climatology","sensor_depth_measured_m","Queens",12,NA,"season_min",NA
"climatology","sensor_depth_measured_m","Richmond",1,NA,"season_min",NA
"climatology","sensor_depth_measured_m","Richmond",2,NA,"season_min",NA
"climatology","sensor_depth_measured_m","Richmond",3,NA,"season_min",NA
"climatology","sensor_depth_measured_m","Richmond",4,NA,"season_min",NA
"climatology","sensor_depth_measured_m","Richmond",5,NA,"season_min",NA
"climatology","sensor_depth_measured_m","Richmond",6,NA,"season_min",NA
"climatology","sensor_depth_measured_m","Richmond",7,NA,"season_min",NA
"climatology","sensor_depth_measured_m","Richmond",8,NA,"season_min",NA
"climatology","sensor_depth_measured_m","Richmond",9,NA,"season_min",NA
"climatology","sensor_depth_measured_m","Richmond",10,NA,"season_min",NA
"climatology","sensor_depth_measured_m","Richmond",11,NA,"season_min",NA
"climatology","sensor_depth_measured_m","Richmond",12,NA,"season_min",NA
"climatology","sensor_depth_measured_m","Shelburne",1,NA,"season_min",NA
"climatology","sensor_depth_measured_m","Shelburne",2,NA,"season_min",NA
"climatology","sensor_depth_measured_m","Shelburne",3,NA,"season_min",NA
"climatology","sensor_depth_measured_m","Shelburne",4,NA,"season_min",NA
"climatology","sensor_depth_measured_m","Shelburne",5,NA,"season_min",NA
"climatology","sensor_depth_measured_m","Shelburne",6,NA,"season_min",NA
"climatology","sensor_depth_measured_m","Shelburne",7,NA,"season_min",NA
"climatology","sensor_depth_measured_m","Shelburne",8,NA,"season_min",NA
"climatology","sensor_depth_measured_m","Shelburne",9,NA,"season_min",NA
"climatology","sensor_depth_measured_m","Shelburne",10,NA,"season_min",NA
"climatology","sensor_depth_measured_m","Shelburne",11,NA,"season_min",NA
"climatology","sensor_depth_measured_m","Shelburne",12,NA,"season_min",NA
"climatology","sensor_depth_measured_m","Yarmouth",1,NA,"season_min",NA
"climatology","sensor_depth_measured_m","Yarmouth",2,NA,"season_min",NA
"climatology","sensor_depth_measured_m","Yarmouth",3,NA,"season_min",NA
"climatology","sensor_depth_measured_m","Yarmouth",4,NA,"season_min",NA
"climatology","sensor_depth_measured_m","Yarmouth",5,NA,"season_min",NA
"climatology","sensor_depth_measured_m","Yarmouth",6,NA,"season_min",NA
"climatology","sensor_depth_measured_m","Yarmouth",7,NA,"season_min",NA
"climatology","sensor_depth_measured_m","Yarmouth",8,NA,"season_min",NA
"climatology","sensor_depth_measured_m","Yarmouth",9,NA,"season_min",NA
"climatology","sensor_depth_measured_m","Yarmouth",10,NA,"season_min",NA
"climatology","sensor_depth_measured_m","Yarmouth",11,NA,"season_min",NA
"climatology","sensor_depth_measured_m","Yarmouth",12,NA,"season_min",NA
"climatology","sensor_depth_measured_m","Annapolis",1,NA,"season_max",NA
"climatology","sensor_depth_measured_m","Annapolis",2,NA,"season_max",NA
"climatology","sensor_depth_measured_m","Annapolis",3,NA,"season_max",NA
"climatology","sensor_depth_measured_m","Annapolis",4,NA,"season_max",NA
"climatology","sensor_depth_measured_m","Annapolis",5,NA,"season_max",NA
"climatology","sensor_depth_measured_m","Annapolis",6,NA,"season_max",NA
"climatology","sensor_depth_measured_m","Annapolis",7,NA,"season_max",NA
"climatology","sensor_depth_measured_m","Annapolis",8,NA,"season_max",NA
"climatology","sensor_depth_measured_m","Annapolis",9,NA,"season_max",NA
"climatology","sensor_depth_measured_m","Annapolis",10,NA,"season_max",NA
"climatology","sensor_depth_measured_m","Annapolis",11,NA,"season_max",NA
"climatology","sensor_depth_measured_m","Annapolis",12,NA,"season_max",NA
"climatology","sensor_depth_measured_m","Antigonish",1,NA,"season_max",NA
"climatology","sensor_depth_measured_m","Antigonish",2,NA,"season_max",NA
"climatology","sensor_depth_measured_m","Antigonish",3,NA,"season_max",NA
"climatology","sensor_depth_measured_m","Antigonish",4,NA,"season_max",NA
"climatology","sensor_depth_measured_m","Antigonish",5,NA,"season_max",NA
"climatology","sensor_depth_measured_m","Antigonish",6,NA,"season_max",NA
"climatology","sensor_depth_measured_m","Antigonish",7,NA,"season_max",NA
"climatology","sensor_depth_measured_m","Antigonish",8,NA,"season_max",NA
"climatology","sensor_depth_measured_m","Antigonish",9,NA,"season_max",NA
"climatology","sensor_depth_measured_m","Antigonish",10,NA,"season_max",NA
"climatology","sensor_depth_measured_m","Antigonish",11,NA,"season_max",NA
"climatology","sensor_depth_measured_m","Antigonish",12,NA,"season_max",NA
"climatology","sensor_depth_measured_m","Colchester",1,NA,"season_max",NA
"climatology","sensor_depth_measured_m","Colchester",2,NA,"season_max",NA
"climatology","sensor_depth_measured_m","Colchester",3,NA,"season_max",NA
"climatology","sensor_depth_measured_m","Colchester",4,NA,"season_max",NA
"climatology","sensor_depth_measured_m","Colchester",5,NA,"season_max",NA
"climatology","sensor_depth_measured_m","Colchester",6,NA,"season_max",NA
"climatology","sensor_depth_measured_m","Colchester",7,NA,"season_max",NA
"climatology","sensor_depth_measured_m","Colchester",8,NA,"season_max",NA
"climatology","sensor_depth_measured_m","Colchester",9,NA,"season_max",NA
"climatology","sensor_depth_measured_m","Colchester",10,NA,"season_max",NA
"climatology","sensor_depth_measured_m","Colchester",11,NA,"season_max",NA
"climatology","sensor_depth_measured_m","Colchester",12,NA,"season_max",NA
"climatology","sensor_depth_measured_m","Digby",1,NA,"season_max",NA
"climatology","sensor_depth_measured_m","Digby",2,NA,"season_max",NA
"climatology","sensor_depth_measured_m","Digby",3,NA,"season_max",NA
"climatology","sensor_depth_measured_m","Digby",4,NA,"season_max",NA
"climatology","sensor_depth_measured_m","Digby",5,NA,"season_max",NA
"climatology","sensor_depth_measured_m","Digby",6,NA,"season_max",NA
"climatology","sensor_depth_measured_m","Digby",7,NA,"season_max",NA
"climatology","sensor_depth_measured_m","Digby",8,NA,"season_max",NA
"climatology","sensor_depth_measured_m","Digby",9,NA,"season_max",NA
"climatology","sensor_depth_measured_m","Digby",10,NA,"season_max",NA
"climatology","sensor_depth_measured_m","Digby",11,NA,"season_max",NA
"climatology","sensor_depth_measured_m","Digby",12,NA,"season_max",NA
"climatology","sensor_depth_measured_m","Guysborough",1,NA,"season_max",NA
"climatology","sensor_depth_measured_m","Guysborough",2,NA,"season_max",NA
"climatology","sensor_depth_measured_m","Guysborough",3,NA,"season_max",NA
"climatology","sensor_depth_measured_m","Guysborough",4,NA,"season_max",NA
"climatology","sensor_depth_measured_m","Guysborough",5,NA,"season_max",NA
"climatology","sensor_depth_measured_m","Guysborough",6,NA,"season_max",NA
"climatology","sensor_depth_measured_m","Guysborough",7,NA,"season_max",NA
"climatology","sensor_depth_measured_m","Guysborough",8,NA,"season_max",NA
"climatology","sensor_depth_measured_m","Guysborough",9,NA,"season_max",NA
"climatology","sensor_depth_measured_m","Guysborough",10,NA,"season_max",NA
"climatology","sensor_depth_measured_m","Guysborough",11,NA,"season_max",NA
"climatology","sensor_depth_measured_m","Guysborough",12,NA,"season_max",NA
"climatology","sensor_depth_measured_m","Halifax",1,NA,"season_max",NA
"climatology","sensor_depth_measured_m","Halifax",2,NA,"season_max",NA
"climatology","sensor_depth_measured_m","Halifax",3,NA,"season_max",NA
"climatology","sensor_depth_measured_m","Halifax",4,NA,"season_max",NA
"climatology","sensor_depth_measured_m","Halifax",5,NA,"season_max",NA
"climatology","sensor_depth_measured_m","Halifax",6,NA,"season_max",NA
"climatology","sensor_depth_measured_m","Halifax",7,NA,"season_max",NA
"climatology","sensor_depth_measured_m","Halifax",8,NA,"season_max",NA
"climatology","sensor_depth_measured_m","Halifax",9,NA,"season_max",NA
"climatology","sensor_depth_measured_m","Halifax",10,NA,"season_max",NA
"climatology","sensor_depth_measured_m","Halifax",11,NA,"season_max",NA
"climatology","sensor_depth_measured_m","Halifax",12,NA,"season_max",NA
"climatology","sensor_depth_measured_m","Lunenburg",1,NA,"season_max",NA
"climatology","sensor_depth_measured_m","Lunenburg",2,NA,"season_max",NA
"climatology","sensor_depth_measured_m","Lunenburg",3,NA,"season_max",NA
"climatology","sensor_depth_measured_m","Lunenburg",4,NA,"season_max",NA
"climatology","sensor_depth_measured_m","Lunenburg",5,NA,"season_max",NA
"climatology","sensor_depth_measured_m","Lunenburg",6,NA,"season_max",NA
"climatology","sensor_depth_measured_m","Lunenburg",7,NA,"season_max",NA
"climatology","sensor_depth_measured_m","Lunenburg",8,NA,"season_max",NA
"climatology","sensor_depth_measured_m","Lunenburg",9,NA,"season_max",NA
"climatology","sensor_depth_measured_m","Lunenburg",10,NA,"season_max",NA
"climatology","sensor_depth_measured_m","Lunenburg",11,NA,"season_max",NA
"climatology","sensor_depth_measured_m","Lunenburg",12,NA,"season_max",NA
"climatology","sensor_depth_measured_m","Pictou",1,NA,"season_max",NA
"climatology","sensor_depth_measured_m","Pictou",2,NA,"season_max",NA
"climatology","sensor_depth_measured_m","Pictou",3,NA,"season_max",NA
"climatology","sensor_depth_measured_m","Pictou",4,NA,"season_max",NA
"climatology","sensor_depth_measured_m","Pictou",5,NA,"season_max",NA
"climatology","sensor_depth_measured_m","Pictou",6,NA,"season_max",NA
"climatology","sensor_depth_measured_m","Pictou",7,NA,"season_max",NA
"climatology","sensor_depth_measured_m","Pictou",8,NA,"season_max",NA
"climatology","sensor_depth_measured_m","Pictou",9,NA,"season_max",NA
"climatology","sensor_depth_measured_m","Pictou",10,NA,"season_max",NA
"climatology","sensor_depth_measured_m","Pictou",11,NA,"season_max",NA
"climatology","sensor_depth_measured_m","Pictou",12,NA,"season_max",NA
"climatology","sensor_depth_measured_m","Queens",1,NA,"season_max",NA
"climatology","sensor_depth_measured_m","Queens",2,NA,"season_max",NA
"climatology","sensor_depth_measured_m","Queens",3,NA,"season_max",NA
"climatology","sensor_depth_measured_m","Queens",4,NA,"season_max",NA
"climatology","sensor_depth_measured_m","Queens",5,NA,"season_max",NA
"climatology","sensor_depth_measured_m","Queens",6,NA,"season_max",NA
"climatology","sensor_depth_measured_m","Queens",7,NA,"season_max",NA
"climatology","sensor_depth_measured_m","Queens",8,NA,"season_max",NA
"climatology","sensor_depth_measured_m","Queens",9,NA,"season_max",NA
"climatology","sensor_depth_measured_m","Queens",10,NA,"season_max",NA
"climatology","sensor_depth_measured_m","Queens",11,NA,"season_max",NA
"climatology","sensor_depth_measured_m","Queens",12,NA,"season_max",NA
"climatology","sensor_depth_measured_m","Richmond",1,NA,"season_max",NA
"climatology","sensor_depth_measured_m","Richmond",2,NA,"season_max",NA
"climatology","sensor_depth_measured_m","Richmond",3,NA,"season_max",NA
"climatology","sensor_depth_measured_m","Richmond",4,NA,"season_max",NA
"climatology","sensor_depth_measured_m","Richmond",5,NA,"season_max",NA
"climatology","sensor_depth_measured_m","Richmond",6,NA,"season_max",NA
"climatology","sensor_depth_measured_m","Richmond",7,NA,"season_max",NA
"climatology","sensor_depth_measured_m","Richmond",8,NA,"season_max",NA
"climatology","sensor_depth_measured_m","Richmond",9,NA,"season_max",NA
"climatology","sensor_depth_measured_m","Richmond",10,NA,"season_max",NA
"climatology","sensor_depth_measured_m","Richmond",11,NA,"season_max",NA
"climatology","sensor_depth_measured_m","Richmond",12,NA,"season_max",NA
"climatology","sensor_depth_measured_m","Shelburne",1,NA,"season_max",NA
"climatology","sensor_depth_measured_m","Shelburne",2,NA,"season_max",NA
"climatology","sensor_depth_measured_m","Shelburne",3,NA,"season_max",NA
"climatology","sensor_depth_measured_m","Shelburne",4,NA,"season_max",NA
"climatology","sensor_depth_measured_m","Shelburne",5,NA,"season_max",NA
"climatology","sensor_depth_measured_m","Shelburne",6,NA,"season_max",NA
"climatology","sensor_depth_measured_m","Shelburne",7,NA,"season_max",NA
"climatology","sensor_depth_measured_m","Shelburne",8,NA,"season_max",NA
"climatology","sensor_depth_measured_m","Shelburne",9,NA,"season_max",NA
"climatology","sensor_depth_measured_m","Shelburne",10,NA,"season_max",NA
"climatology","sensor_depth_measured_m","Shelburne",11,NA,"season_max",NA
"climatology","sensor_depth_measured_m","Shelburne",12,NA,"season_max",NA
"climatology","sensor_depth_measured_m","Yarmouth",1,NA,"season_max",NA
"climatology","sensor_depth_measured_m","Yarmouth",2,NA,"season_max",NA
"climatology","sensor_depth_measured_m","Yarmouth",3,NA,"season_max",NA
"climatology","sensor_depth_measured_m","Yarmouth",4,NA,"season_max",NA
"climatology","sensor_depth_measured_m","Yarmouth",5,NA,"season_max",NA
"climatology","sensor_depth_measured_m","Yarmouth",6,NA,"season_max",NA
"climatology","sensor_depth_measured_m","Yarmouth",7,NA,"season_max",NA
"climatology","sensor_depth_measured_m","Yarmouth",8,NA,"season_max",NA
"climatology","sensor_depth_measured_m","Yarmouth",9,NA,"season_max",NA
"climatology","sensor_depth_measured_m","Yarmouth",10,NA,"season_max",NA
"climatology","sensor_depth_measured_m","Yarmouth",11,NA,"season_max",NA
"climatology","sensor_depth_measured_m","Yarmouth",12,NA,"season_max",NA
"grossrange","sensor_depth_measured_m","Annapolis",NA,NA,"user_min",NA
"grossrange","sensor_depth_measured_m","Antigonish",NA,NA,"user_min",NA
"grossrange","sensor_depth_measured_m","Colchester",NA,NA,"user_min",NA
"grossrange","sensor_depth_measured_m","Digby",NA,NA,"user_min",NA
"grossrange","sensor_depth_measured_m","Guysborough",NA,NA,"user_min",NA
"grossrange","sensor_depth_measured_m","Halifax",NA,NA,"user_min",NA
"grossrange","sensor_depth_measured_m","Lunenburg",NA,NA,"user_min",NA
"grossrange","sensor_depth_measured_m","Pictou",NA,NA,"user_min",NA
"grossrange","sensor_depth_measured_m","Queens",NA,NA,"user_min",NA
"grossrange","sensor_depth_measured_m","Richmond",NA,NA,"user_min",NA
"grossrange","sensor_depth_measured_m","Shelburne",NA,NA,"user_min",NA
"grossrange","sensor_depth_measured_m","Yarmouth",NA,NA,"user_min",NA
"grossrange","sensor_depth_measured_m","Annapolis",NA,NA,"user_max",NA
"grossrange","sensor_depth_measured_m","Antigonish",NA,NA,"user_max",NA
"grossrange","sensor_depth_measured_m","Colchester",NA,NA,"user_max",NA
"grossrange","sensor_depth_measured_m","Digby",NA,NA,"user_max",NA
"grossrange","sensor_depth_measured_m","Guysborough",NA,NA,"user_max",NA
"grossrange","sensor_depth_measured_m","Halifax",NA,NA,"user_max",NA
"grossrange","sensor_depth_measured_m","Lunenburg",NA,NA,"user_max",NA
"grossrange","sensor_depth_measured_m","Pictou",NA,NA,"user_max",NA
"grossrange","sensor_depth_measured_m","Queens",NA,NA,"user_max",NA
"grossrange","sensor_depth_measured_m","Richmond",NA,NA,"user_max",NA
"grossrange","sensor_depth_measured_m","Shelburne",NA,NA,"user_max",NA
"grossrange","sensor_depth_measured_m","Yarmouth",NA,NA,"user_max",NA
"rolling_sd","sensor_depth_measured","Annapolis",NA,NA,"rolling_sd_max",3.52
"rolling_sd","sensor_depth_measured","Antigonish",NA,NA,"rolling_sd_max",0.8
"rolling_sd","sensor_depth_measured","Colchester",NA,NA,"rolling_sd_max",1.16
"rolling_sd","sensor_depth_measured","Digby",NA,NA,"rolling_sd_max",2.49
"rolling_sd","sensor_depth_measured","Guysborough",NA,NA,"rolling_sd_max",0.9
"rolling_sd","sensor_depth_measured","Halifax",NA,NA,"rolling_sd_max",0.98
"rolling_sd","sensor_depth_measured","Lunenburg",NA,NA,"rolling_sd_max",0.96
"rolling_sd","sensor_depth_measured","Pictou",NA,NA,"rolling_sd_max",1.08
"rolling_sd","sensor_depth_measured","Queens",NA,NA,"rolling_sd_max",0.93
"rolling_sd","sensor_depth_measured","Richmond",NA,NA,"rolling_sd_max",0.88
"rolling_sd","sensor_depth_measured","Shelburne",NA,NA,"rolling_sd_max",1.05
"rolling_sd","sensor_depth_measured","Yarmouth",NA,NA,"rolling_sd_max",1.64
"climatology","temperature_degree_c","Annapolis",1,NA,"season_min",1.801
"climatology","temperature_degree_c","Annapolis",1,NA,"season_max",8.938
"climatology","temperature_degree_c","Annapolis",2,NA,"season_min",1.995
"climatology","temperature_degree_c","Annapolis",2,NA,"season_max",6.05
"climatology","temperature_degree_c","Annapolis",3,NA,"season_min",1.196
"climatology","temperature_degree_c","Annapolis",3,NA,"season_max",6.456
"climatology","temperature_degree_c","Annapolis",4,NA,"season_min",3.784
"climatology","temperature_degree_c","Annapolis",4,NA,"season_max",8.394
"climatology","temperature_degree_c","Annapolis",5,NA,"season_min",4.45
"climatology","temperature_degree_c","Annapolis",5,NA,"season_max",12.578
"climatology","temperature_degree_c","Annapolis",6,NA,"season_min",7.088
"climatology","temperature_degree_c","Annapolis",6,NA,"season_max",15.525
"climatology","temperature_degree_c","Annapolis",7,NA,"season_min",9.244
"climatology","temperature_degree_c","Annapolis",7,NA,"season_max",16.005
"climatology","temperature_degree_c","Annapolis",8,NA,"season_min",10.914
"climatology","temperature_degree_c","Annapolis",8,NA,"season_max",17.409
"climatology","temperature_degree_c","Annapolis",9,NA,"season_min",11.37
"climatology","temperature_degree_c","Annapolis",9,NA,"season_max",16.657
"climatology","temperature_degree_c","Annapolis",10,NA,"season_min",9.837
"climatology","temperature_degree_c","Annapolis",10,NA,"season_max",15.642
"climatology","temperature_degree_c","Annapolis",11,NA,"season_min",6.072
"climatology","temperature_degree_c","Annapolis",11,NA,"season_max",13.945
"climatology","temperature_degree_c","Annapolis",12,NA,"season_min",4.828
"climatology","temperature_degree_c","Annapolis",12,NA,"season_max",11.37
"climatology","temperature_degree_c","Antigonish",1,NA,"season_min",-3.072
"climatology","temperature_degree_c","Antigonish",1,NA,"season_max",4.557
"climatology","temperature_degree_c","Antigonish",2,NA,"season_min",-2.128
"climatology","temperature_degree_c","Antigonish",2,NA,"season_max",2.32
"climatology","temperature_degree_c","Antigonish",3,NA,"season_min",-3.685
"climatology","temperature_degree_c","Antigonish",3,NA,"season_max",5.055
"climatology","temperature_degree_c","Antigonish",4,NA,"season_min",-2.215
"climatology","temperature_degree_c","Antigonish",4,NA,"season_max",11.773
"climatology","temperature_degree_c","Antigonish",5,NA,"season_min",-0.501
"climatology","temperature_degree_c","Antigonish",5,NA,"season_max",21.076
"climatology","temperature_degree_c","Antigonish",6,NA,"season_min",5.259
"climatology","temperature_degree_c","Antigonish",6,NA,"season_max",27.311
"climatology","temperature_degree_c","Antigonish",7,NA,"season_min",13.09
"climatology","temperature_degree_c","Antigonish",7,NA,"season_max",27.975
"climatology","temperature_degree_c","Antigonish",8,NA,"season_min",17.454
"climatology","temperature_degree_c","Antigonish",8,NA,"season_max",27.587
"climatology","temperature_degree_c","Antigonish",9,NA,"season_min",13.134
"climatology","temperature_degree_c","Antigonish",9,NA,"season_max",24.915
"climatology","temperature_degree_c","Antigonish",10,NA,"season_min",8.995
"climatology","temperature_degree_c","Antigonish",10,NA,"season_max",20.12
"climatology","temperature_degree_c","Antigonish",11,NA,"season_min",3.573
"climatology","temperature_degree_c","Antigonish",11,NA,"season_max",14.282
"climatology","temperature_degree_c","Antigonish",12,NA,"season_min",-3.57
"climatology","temperature_degree_c","Antigonish",12,NA,"season_max",11.283
"climatology","temperature_degree_c","Cape Breton",1,NA,"season_min",-2.402
"climatology","temperature_degree_c","Cape Breton",1,NA,"season_max",3.258
"climatology","temperature_degree_c","Cape Breton",2,NA,"season_min",-2.576
"climatology","temperature_degree_c","Cape Breton",2,NA,"season_max",1.441
"climatology","temperature_degree_c","Cape Breton",3,NA,"season_min",-2.457
"climatology","temperature_degree_c","Cape Breton",3,NA,"season_max",2.23
"climatology","temperature_degree_c","Cape Breton",4,NA,"season_min",-3.774
"climatology","temperature_degree_c","Cape Breton",4,NA,"season_max",8.275
"climatology","temperature_degree_c","Cape Breton",5,NA,"season_min",-0.199
"climatology","temperature_degree_c","Cape Breton",5,NA,"season_max",13.352
"climatology","temperature_degree_c","Cape Breton",6,NA,"season_min",1.912
"climatology","temperature_degree_c","Cape Breton",6,NA,"season_max",22.764
"climatology","temperature_degree_c","Cape Breton",7,NA,"season_min",13.114
"climatology","temperature_degree_c","Cape Breton",7,NA,"season_max",25.836
"climatology","temperature_degree_c","Cape Breton",8,NA,"season_min",17.391
"climatology","temperature_degree_c","Cape Breton",8,NA,"season_max",24.087
"climatology","temperature_degree_c","Cape Breton",9,NA,"season_min",14.546
"climatology","temperature_degree_c","Cape Breton",9,NA,"season_max",21.518
"climatology","temperature_degree_c","Cape Breton",10,NA,"season_min",8.475
"climatology","temperature_degree_c","Cape Breton",10,NA,"season_max",19.254
"climatology","temperature_degree_c","Cape Breton",11,NA,"season_min",4.643
"climatology","temperature_degree_c","Cape Breton",11,NA,"season_max",13.908
"climatology","temperature_degree_c","Cape Breton",12,NA,"season_min",-1.55
"climatology","temperature_degree_c","Cape Breton",12,NA,"season_max",9.645
"climatology","temperature_degree_c","Colchester",1,NA,"season_min",-3.796
"climatology","temperature_degree_c","Colchester",1,NA,"season_max",2.753
"climatology","temperature_degree_c","Colchester",2,NA,"season_min",-2.241
"climatology","temperature_degree_c","Colchester",2,NA,"season_max",-0.314
"climatology","temperature_degree_c","Colchester",3,NA,"season_min",-3.182
"climatology","temperature_degree_c","Colchester",3,NA,"season_max",1.847
"climatology","temperature_degree_c","Colchester",4,NA,"season_min",-1.205
"climatology","temperature_degree_c","Colchester",4,NA,"season_max",8.244
"climatology","temperature_degree_c","Colchester",5,NA,"season_min",2.212
"climatology","temperature_degree_c","Colchester",5,NA,"season_max",14.758
"climatology","temperature_degree_c","Colchester",6,NA,"season_min",8.489
"climatology","temperature_degree_c","Colchester",6,NA,"season_max",21.167
"climatology","temperature_degree_c","Colchester",7,NA,"season_min",13.224
"climatology","temperature_degree_c","Colchester",7,NA,"season_max",23.351
"climatology","temperature_degree_c","Colchester",8,NA,"season_min",16.131
"climatology","temperature_degree_c","Colchester",8,NA,"season_max",24.839
"climatology","temperature_degree_c","Colchester",9,NA,"season_min",15.719
"climatology","temperature_degree_c","Colchester",9,NA,"season_max",21.202
"climatology","temperature_degree_c","Colchester",10,NA,"season_min",8.848
"climatology","temperature_degree_c","Colchester",10,NA,"season_max",19.465
"climatology","temperature_degree_c","Colchester",11,NA,"season_min",3.143
"climatology","temperature_degree_c","Colchester",11,NA,"season_max",13.448
"climatology","temperature_degree_c","Colchester",12,NA,"season_min",-3.323
"climatology","temperature_degree_c","Colchester",12,NA,"season_max",10.067
"climatology","temperature_degree_c","Digby",1,NA,"season_min",-1.243
"climatology","temperature_degree_c","Digby",1,NA,"season_max",10.148
"climatology","temperature_degree_c","Digby",2,NA,"season_min",-1.709
"climatology","temperature_degree_c","Digby",2,NA,"season_max",6.845
"climatology","temperature_degree_c","Digby",3,NA,"season_min",-0.534
"climatology","temperature_degree_c","Digby",3,NA,"season_max",6.786
"climatology","temperature_degree_c","Digby",4,NA,"season_min",2.542
"climatology","temperature_degree_c","Digby",4,NA,"season_max",8.567
"climatology","temperature_degree_c","Digby",5,NA,"season_min",3.298
"climatology","temperature_degree_c","Digby",5,NA,"season_max",12.846
"climatology","temperature_degree_c","Digby",6,NA,"season_min",5.057
"climatology","temperature_degree_c","Digby",6,NA,"season_max",18.433
"climatology","temperature_degree_c","Digby",7,NA,"season_min",7.898
"climatology","temperature_degree_c","Digby",7,NA,"season_max",19.252
"climatology","temperature_degree_c","Digby",8,NA,"season_min",8.949
"climatology","temperature_degree_c","Digby",8,NA,"season_max",20.338
"climatology","temperature_degree_c","Digby",9,NA,"season_min",10.426
"climatology","temperature_degree_c","Digby",9,NA,"season_max",18.011
"climatology","temperature_degree_c","Digby",10,NA,"season_min",9.957
"climatology","temperature_degree_c","Digby",10,NA,"season_max",16.306
"climatology","temperature_degree_c","Digby",11,NA,"season_min",7.094
"climatology","temperature_degree_c","Digby",11,NA,"season_max",14.1
"climatology","temperature_degree_c","Digby",12,NA,"season_min",3.672
"climatology","temperature_degree_c","Digby",12,NA,"season_max",11.76
"climatology","temperature_degree_c","Guysborough",1,NA,"season_min",-1.76
"climatology","temperature_degree_c","Guysborough",1,NA,"season_max",6.122
"climatology","temperature_degree_c","Guysborough",2,NA,"season_min",-2.932
"climatology","temperature_degree_c","Guysborough",2,NA,"season_max",4.131
"climatology","temperature_degree_c","Guysborough",3,NA,"season_min",-2.761
"climatology","temperature_degree_c","Guysborough",3,NA,"season_max",3.237
"climatology","temperature_degree_c","Guysborough",4,NA,"season_min",-2.143
"climatology","temperature_degree_c","Guysborough",4,NA,"season_max",5.188
"climatology","temperature_degree_c","Guysborough",5,NA,"season_min",-1.785
"climatology","temperature_degree_c","Guysborough",5,NA,"season_max",9.66
"climatology","temperature_degree_c","Guysborough",6,NA,"season_min",-1.975
"climatology","temperature_degree_c","Guysborough",6,NA,"season_max",15.617
"climatology","temperature_degree_c","Guysborough",7,NA,"season_min",-1.387
"climatology","temperature_degree_c","Guysborough",7,NA,"season_max",22.932
"climatology","temperature_degree_c","Guysborough",8,NA,"season_min",0.803
"climatology","temperature_degree_c","Guysborough",8,NA,"season_max",28.496
"climatology","temperature_degree_c","Guysborough",9,NA,"season_min",4.764
"climatology","temperature_degree_c","Guysborough",9,NA,"season_max",25.93
"climatology","temperature_degree_c","Guysborough",10,NA,"season_min",4.534
"climatology","temperature_degree_c","Guysborough",10,NA,"season_max",20.489
"climatology","temperature_degree_c","Guysborough",11,NA,"season_min",2.956
"climatology","temperature_degree_c","Guysborough",11,NA,"season_max",14.506
"climatology","temperature_degree_c","Guysborough",12,NA,"season_min",0.124
"climatology","temperature_degree_c","Guysborough",12,NA,"season_max",10.003
"climatology","temperature_degree_c","Halifax",1,NA,"season_min",-2.112
"climatology","temperature_degree_c","Halifax",1,NA,"season_max",6.954
"climatology","temperature_degree_c","Halifax",2,NA,"season_min",-1.722
"climatology","temperature_degree_c","Halifax",2,NA,"season_max",4.504
"climatology","temperature_degree_c","Halifax",3,NA,"season_min",-2.237
"climatology","temperature_degree_c","Halifax",3,NA,"season_max",5.413
"climatology","temperature_degree_c","Halifax",4,NA,"season_min",-2.457
"climatology","temperature_degree_c","Halifax",4,NA,"season_max",7.415
"climatology","temperature_degree_c","Halifax",5,NA,"season_min",-1.466
"climatology","temperature_degree_c","Halifax",5,NA,"season_max",11.209
"climatology","temperature_degree_c","Halifax",6,NA,"season_min",-1.463
"climatology","temperature_degree_c","Halifax",6,NA,"season_max",16.547
"climatology","temperature_degree_c","Halifax",7,NA,"season_min",0.301
"climatology","temperature_degree_c","Halifax",7,NA,"season_max",22.309
"climatology","temperature_degree_c","Halifax",8,NA,"season_min",-0.117
"climatology","temperature_degree_c","Halifax",8,NA,"season_max",26.327
"climatology","temperature_degree_c","Halifax",9,NA,"season_min",6.716
"climatology","temperature_degree_c","Halifax",9,NA,"season_max",24.698
"climatology","temperature_degree_c","Halifax",10,NA,"season_min",4.136
"climatology","temperature_degree_c","Halifax",10,NA,"season_max",20.496
"climatology","temperature_degree_c","Halifax",11,NA,"season_min",1.984
"climatology","temperature_degree_c","Halifax",11,NA,"season_max",15.349
"climatology","temperature_degree_c","Halifax",12,NA,"season_min",0.119
"climatology","temperature_degree_c","Halifax",12,NA,"season_max",10.612
"climatology","temperature_degree_c","Inverness",1,NA,"season_min",-0.548
"climatology","temperature_degree_c","Inverness",1,NA,"season_max",5.128
"climatology","temperature_degree_c","Inverness",2,NA,"season_min",-0.706
"climatology","temperature_degree_c","Inverness",2,NA,"season_max",3.046
"climatology","temperature_degree_c","Inverness",3,NA,"season_min",-0.777
"climatology","temperature_degree_c","Inverness",3,NA,"season_max",2.514
"climatology","temperature_degree_c","Inverness",4,NA,"season_min",-1.137
"climatology","temperature_degree_c","Inverness",4,NA,"season_max",4.502
"climatology","temperature_degree_c","Inverness",5,NA,"season_min",-0.516
"climatology","temperature_degree_c","Inverness",5,NA,"season_max",10.351
"climatology","temperature_degree_c","Inverness",6,NA,"season_min",2.145
"climatology","temperature_degree_c","Inverness",6,NA,"season_max",19.221
"climatology","temperature_degree_c","Inverness",7,NA,"season_min",4.253
"climatology","temperature_degree_c","Inverness",7,NA,"season_max",26.003
"climatology","temperature_degree_c","Inverness",8,NA,"season_min",9.3
"climatology","temperature_degree_c","Inverness",8,NA,"season_max",27.73
"climatology","temperature_degree_c","Inverness",9,NA,"season_min",11.116
"climatology","temperature_degree_c","Inverness",9,NA,"season_max",19.556
"climatology","temperature_degree_c","Inverness",10,NA,"season_min",11.169
"climatology","temperature_degree_c","Inverness",10,NA,"season_max",16.699
"climatology","temperature_degree_c","Inverness",11,NA,"season_min",6.473
"climatology","temperature_degree_c","Inverness",11,NA,"season_max",14.773
"climatology","temperature_degree_c","Inverness",12,NA,"season_min",0.848
"climatology","temperature_degree_c","Inverness",12,NA,"season_max",12.638
"climatology","temperature_degree_c","Lunenburg",1,NA,"season_min",-0.278
"climatology","temperature_degree_c","Lunenburg",1,NA,"season_max",7.466
"climatology","temperature_degree_c","Lunenburg",2,NA,"season_min",-0.628
"climatology","temperature_degree_c","Lunenburg",2,NA,"season_max",4.29
"climatology","temperature_degree_c","Lunenburg",3,NA,"season_min",-0.364
"climatology","temperature_degree_c","Lunenburg",3,NA,"season_max",4.756
"climatology","temperature_degree_c","Lunenburg",4,NA,"season_min",0.354
"climatology","temperature_degree_c","Lunenburg",4,NA,"season_max",6.557
"climatology","temperature_degree_c","Lunenburg",5,NA,"season_min",-1.13
"climatology","temperature_degree_c","Lunenburg",5,NA,"season_max",11.506
"climatology","temperature_degree_c","Lunenburg",6,NA,"season_min",-1.543
"climatology","temperature_degree_c","Lunenburg",6,NA,"season_max",16.154
"climatology","temperature_degree_c","Lunenburg",7,NA,"season_min",-2.704
"climatology","temperature_degree_c","Lunenburg",7,NA,"season_max",22.172
"climatology","temperature_degree_c","Lunenburg",8,NA,"season_min",-3.031
"climatology","temperature_degree_c","Lunenburg",8,NA,"season_max",25.052
"climatology","temperature_degree_c","Lunenburg",9,NA,"season_min",2.28
"climatology","temperature_degree_c","Lunenburg",9,NA,"season_max",25.294
"climatology","temperature_degree_c","Lunenburg",10,NA,"season_min",5.045
"climatology","temperature_degree_c","Lunenburg",10,NA,"season_max",20.803
"climatology","temperature_degree_c","Lunenburg",11,NA,"season_min",3.61
"climatology","temperature_degree_c","Lunenburg",11,NA,"season_max",15.344
"climatology","temperature_degree_c","Lunenburg",12,NA,"season_min",1.506
"climatology","temperature_degree_c","Lunenburg",12,NA,"season_max",11.142
"climatology","temperature_degree_c","Pictou",1,NA,"season_min",-3.401
"climatology","temperature_degree_c","Pictou",1,NA,"season_max",4.485
"climatology","temperature_degree_c","Pictou",2,NA,"season_min",-2.753
"climatology","temperature_degree_c","Pictou",2,NA,"season_max",0.855
"climatology","temperature_degree_c","Pictou",3,NA,"season_min",-4.072
"climatology","temperature_degree_c","Pictou",3,NA,"season_max",3.704
"climatology","temperature_degree_c","Pictou",4,NA,"season_min",-1.073
"climatology","temperature_degree_c","Pictou",4,NA,"season_max",9.422
"climatology","temperature_degree_c","Pictou",5,NA,"season_min",1.33
"climatology","temperature_degree_c","Pictou",5,NA,"season_max",17.68
"climatology","temperature_degree_c","Pictou",6,NA,"season_min",7.347
"climatology","temperature_degree_c","Pictou",6,NA,"season_max",20.895
"climatology","temperature_degree_c","Pictou",7,NA,"season_min",11.91
"climatology","temperature_degree_c","Pictou",7,NA,"season_max",27.558
"climatology","temperature_degree_c","Pictou",8,NA,"season_min",15.742
"climatology","temperature_degree_c","Pictou",8,NA,"season_max",27.558
"climatology","temperature_degree_c","Pictou",9,NA,"season_min",13.205
"climatology","temperature_degree_c","Pictou",9,NA,"season_max",24.32
"climatology","temperature_degree_c","Pictou",10,NA,"season_min",7.439
"climatology","temperature_degree_c","Pictou",10,NA,"season_max",20.044
"climatology","temperature_degree_c","Pictou",11,NA,"season_min",1.383
"climatology","temperature_degree_c","Pictou",11,NA,"season_max",14.47
"climatology","temperature_degree_c","Pictou",12,NA,"season_min",-2.821
"climatology","temperature_degree_c","Pictou",12,NA,"season_max",11.397
"climatology","temperature_degree_c","Queens",1,NA,"season_min",2.142
"climatology","temperature_degree_c","Queens",1,NA,"season_max",7.704
"climatology","temperature_degree_c","Queens",2,NA,"season_min",1.198
"climatology","temperature_degree_c","Queens",2,NA,"season_max",4.685
"climatology","temperature_degree_c","Queens",3,NA,"season_min",1.675
"climatology","temperature_degree_c","Queens",3,NA,"season_max",5.35
"climatology","temperature_degree_c","Queens",4,NA,"season_min",2.134
"climatology","temperature_degree_c","Queens",4,NA,"season_max",5.998
"climatology","temperature_degree_c","Queens",5,NA,"season_min",2.069
"climatology","temperature_degree_c","Queens",5,NA,"season_max",9.04
"climatology","temperature_degree_c","Queens",6,NA,"season_min",1.335
"climatology","temperature_degree_c","Queens",6,NA,"season_max",13.044
"climatology","temperature_degree_c","Queens",7,NA,"season_min",-0.132
"climatology","temperature_degree_c","Queens",7,NA,"season_max",18.419
"climatology","temperature_degree_c","Queens",8,NA,"season_min",-1.059
"climatology","temperature_degree_c","Queens",8,NA,"season_max",20.728
"climatology","temperature_degree_c","Queens",9,NA,"season_min",4.508
"climatology","temperature_degree_c","Queens",9,NA,"season_max",22.308
"climatology","temperature_degree_c","Queens",10,NA,"season_min",4.69
"climatology","temperature_degree_c","Queens",10,NA,"season_max",22.6
"climatology","temperature_degree_c","Queens",11,NA,"season_min",6.622
"climatology","temperature_degree_c","Queens",11,NA,"season_max",15.521
"climatology","temperature_degree_c","Queens",12,NA,"season_min",4.592
"climatology","temperature_degree_c","Queens",12,NA,"season_max",10.873
"climatology","temperature_degree_c","Richmond",1,NA,"season_min",-2.048
"climatology","temperature_degree_c","Richmond",1,NA,"season_max",5.18
"climatology","temperature_degree_c","Richmond",2,NA,"season_min",-3.352
"climatology","temperature_degree_c","Richmond",2,NA,"season_max",3.794
"climatology","temperature_degree_c","Richmond",3,NA,"season_min",-3.134
"climatology","temperature_degree_c","Richmond",3,NA,"season_max",3.231
"climatology","temperature_degree_c","Richmond",4,NA,"season_min",-2.59
"climatology","temperature_degree_c","Richmond",4,NA,"season_max",4.988
"climatology","temperature_degree_c","Richmond",5,NA,"season_min",-0.807
"climatology","temperature_degree_c","Richmond",5,NA,"season_max",9.203
"climatology","temperature_degree_c","Richmond",6,NA,"season_min",-0.193
"climatology","temperature_degree_c","Richmond",6,NA,"season_max",15.12
"climatology","temperature_degree_c","Richmond",7,NA,"season_min",1.963
"climatology","temperature_degree_c","Richmond",7,NA,"season_max",21.07
"climatology","temperature_degree_c","Richmond",8,NA,"season_min",5.447
"climatology","temperature_degree_c","Richmond",8,NA,"season_max",25.889
"climatology","temperature_degree_c","Richmond",9,NA,"season_min",8.229
"climatology","temperature_degree_c","Richmond",9,NA,"season_max",23.779
"climatology","temperature_degree_c","Richmond",10,NA,"season_min",7.027
"climatology","temperature_degree_c","Richmond",10,NA,"season_max",19.45
"climatology","temperature_degree_c","Richmond",11,NA,"season_min",4.423
"climatology","temperature_degree_c","Richmond",11,NA,"season_max",13.581
"climatology","temperature_degree_c","Richmond",12,NA,"season_min",-0.635
"climatology","temperature_degree_c","Richmond",12,NA,"season_max",9.825
"climatology","temperature_degree_c","Shelburne",1,NA,"season_min",0.182
"climatology","temperature_degree_c","Shelburne",1,NA,"season_max",7.997
"climatology","temperature_degree_c","Shelburne",2,NA,"season_min",0.414
"climatology","temperature_degree_c","Shelburne",2,NA,"season_max",5.058
"climatology","temperature_degree_c","Shelburne",3,NA,"season_min",-0.003
"climatology","temperature_degree_c","Shelburne",3,NA,"season_max",5.715
"climatology","temperature_degree_c","Shelburne",4,NA,"season_min",0.837
"climatology","temperature_degree_c","Shelburne",4,NA,"season_max",7.07
"climatology","temperature_degree_c","Shelburne",5,NA,"season_min",1.846
"climatology","temperature_degree_c","Shelburne",5,NA,"season_max",10.285
"climatology","temperature_degree_c","Shelburne",6,NA,"season_min",1.667
"climatology","temperature_degree_c","Shelburne",6,NA,"season_max",13.296
"climatology","temperature_degree_c","Shelburne",7,NA,"season_min",1.617
"climatology","temperature_degree_c","Shelburne",7,NA,"season_max",16.381
"climatology","temperature_degree_c","Shelburne",8,NA,"season_min",1.385
"climatology","temperature_degree_c","Shelburne",8,NA,"season_max",18.003
"climatology","temperature_degree_c","Shelburne",9,NA,"season_min",5.339
"climatology","temperature_degree_c","Shelburne",9,NA,"season_max",23.251
"climatology","temperature_degree_c","Shelburne",10,NA,"season_min",3.309
"climatology","temperature_degree_c","Shelburne",10,NA,"season_max",22.137
"climatology","temperature_degree_c","Shelburne",11,NA,"season_min",2.826
"climatology","temperature_degree_c","Shelburne",11,NA,"season_max",14.833
"climatology","temperature_degree_c","Shelburne",12,NA,"season_min",1.801
"climatology","temperature_degree_c","Shelburne",12,NA,"season_max",10.94
"climatology","temperature_degree_c","Victoria",1,NA,"season_min",-1.481
"climatology","temperature_degree_c","Victoria",1,NA,"season_max",3.957
"climatology","temperature_degree_c","Victoria",2,NA,"season_min",-2.068
"climatology","temperature_degree_c","Victoria",2,NA,"season_max",3.294
"climatology","temperature_degree_c","Victoria",3,NA,"season_min",-1.963
"climatology","temperature_degree_c","Victoria",3,NA,"season_max",2.948
"climatology","temperature_degree_c","Victoria",4,NA,"season_min",-1.307
"climatology","temperature_degree_c","Victoria",4,NA,"season_max",4.097
"climatology","temperature_degree_c","Victoria",5,NA,"season_min",-1.036
"climatology","temperature_degree_c","Victoria",5,NA,"season_max",10.89
"climatology","temperature_degree_c","Victoria",6,NA,"season_min",2.115
"climatology","temperature_degree_c","Victoria",6,NA,"season_max",17.236
"climatology","temperature_degree_c","Victoria",7,NA,"season_min",6.703
"climatology","temperature_degree_c","Victoria",7,NA,"season_max",24.484
"climatology","temperature_degree_c","Victoria",8,NA,"season_min",13.125
"climatology","temperature_degree_c","Victoria",8,NA,"season_max",26.201
"climatology","temperature_degree_c","Victoria",9,NA,"season_min",10.752
"climatology","temperature_degree_c","Victoria",9,NA,"season_max",22.703
"climatology","temperature_degree_c","Victoria",10,NA,"season_min",6.997
"climatology","temperature_degree_c","Victoria",10,NA,"season_max",20.293
"climatology","temperature_degree_c","Victoria",11,NA,"season_min",-2.028
"climatology","temperature_degree_c","Victoria",11,NA,"season_max",17.862
"climatology","temperature_degree_c","Victoria",12,NA,"season_min",-3.936
"climatology","temperature_degree_c","Victoria",12,NA,"season_max",11.38
"climatology","temperature_degree_c","Yarmouth",1,NA,"season_min",-1.697
"climatology","temperature_degree_c","Yarmouth",1,NA,"season_max",7.078
"climatology","temperature_degree_c","Yarmouth",2,NA,"season_min",-1.085
"climatology","temperature_degree_c","Yarmouth",2,NA,"season_max",3.917
"climatology","temperature_degree_c","Yarmouth",3,NA,"season_min",-1.819
"climatology","temperature_degree_c","Yarmouth",3,NA,"season_max",6.569
"climatology","temperature_degree_c","Yarmouth",4,NA,"season_min",1.631
"climatology","temperature_degree_c","Yarmouth",4,NA,"season_max",10.568
"climatology","temperature_degree_c","Yarmouth",5,NA,"season_min",4.146
"climatology","temperature_degree_c","Yarmouth",5,NA,"season_max",15.811
"climatology","temperature_degree_c","Yarmouth",6,NA,"season_min",7.215
"climatology","temperature_degree_c","Yarmouth",6,NA,"season_max",20.909
"climatology","temperature_degree_c","Yarmouth",7,NA,"season_min",9.319
"climatology","temperature_degree_c","Yarmouth",7,NA,"season_max",23.238
"climatology","temperature_degree_c","Yarmouth",8,NA,"season_min",10.425
"climatology","temperature_degree_c","Yarmouth",8,NA,"season_max",23.593
"climatology","temperature_degree_c","Yarmouth",9,NA,"season_min",10.993
"climatology","temperature_degree_c","Yarmouth",9,NA,"season_max",20.993
"climatology","temperature_degree_c","Yarmouth",10,NA,"season_min",10.269
"climatology","temperature_degree_c","Yarmouth",10,NA,"season_max",18.123
"climatology","temperature_degree_c","Yarmouth",11,NA,"season_min",4.325
"climatology","temperature_degree_c","Yarmouth",11,NA,"season_max",15.501
"climatology","temperature_degree_c","Yarmouth",12,NA,"season_min",0.242
"climatology","temperature_degree_c","Yarmouth",12,NA,"season_max",11.672
"grossrange","temperature_degree_c","Annapolis",NA,NA,"user_min",-1.967
"grossrange","temperature_degree_c","Annapolis",NA,NA,"user_max",20.58
"grossrange","temperature_degree_c","Antigonish",NA,NA,"user_min",-11.303
"grossrange","temperature_degree_c","Antigonish",NA,NA,"user_max",37.829
"grossrange","temperature_degree_c","Cape Breton",NA,NA,"user_min",-14.387
"grossrange","temperature_degree_c","Cape Breton",NA,NA,"user_max",29.284
"grossrange","temperature_degree_c","Colchester",NA,NA,"user_min",-14.951
"grossrange","temperature_degree_c","Colchester",NA,NA,"user_max",29.339
"grossrange","temperature_degree_c","Digby",NA,NA,"user_min",-4.855
"grossrange","temperature_degree_c","Digby",NA,NA,"user_max",22.759
"grossrange","temperature_degree_c","Guysborough",NA,NA,"user_min",-10.963
"grossrange","temperature_degree_c","Guysborough",NA,NA,"user_max",23.859
"grossrange","temperature_degree_c","Halifax",NA,NA,"user_min",-8.892
"grossrange","temperature_degree_c","Halifax",NA,NA,"user_max",23.298
"grossrange","temperature_degree_c","Inverness",NA,NA,"user_min",-2.611
"grossrange","temperature_degree_c","Inverness",NA,NA,"user_max",26.595
"grossrange","temperature_degree_c","Lunenburg",NA,NA,"user_min",-7.269
"grossrange","temperature_degree_c","Lunenburg",NA,NA,"user_max",21.551
"grossrange","temperature_degree_c","Pictou",NA,NA,"user_min",-12.217
"grossrange","temperature_degree_c","Pictou",NA,NA,"user_max",35.498
"grossrange","temperature_degree_c","Queens",NA,NA,"user_min",-4.343
"grossrange","temperature_degree_c","Queens",NA,NA,"user_max",20.052
"grossrange","temperature_degree_c","Richmond",NA,NA,"user_min",-11.656
"grossrange","temperature_degree_c","Richmond",NA,NA,"user_max",23.631
"grossrange","temperature_degree_c","Shelburne",NA,NA,"user_min",-4.851
"grossrange","temperature_degree_c","Shelburne",NA,NA,"user_max",19.626
"grossrange","temperature_degree_c","Victoria",NA,NA,"user_min",-13.047
"grossrange","temperature_degree_c","Victoria",NA,NA,"user_max",27.685
"grossrange","temperature_degree_c","Yarmouth",NA,NA,"user_min",-7.428
"grossrange","temperature_degree_c","Yarmouth",NA,NA,"user_max",27.864
"rolling_sd","temperature_degree_c","Annapolis",NA,NA,"rolling_sd_max",1.35
"rolling_sd","temperature_degree_c","Antigonish",NA,NA,"rolling_sd_max",2.56
"rolling_sd","temperature_degree_c","Cape Breton",NA,NA,"rolling_sd_max",2.28
"rolling_sd","temperature_degree_c","Colchester",NA,NA,"rolling_sd_max",1.43
"rolling_sd","temperature_degree_c","Digby",NA,NA,"rolling_sd_max",1.35
"rolling_sd","temperature_degree_c","Guysborough",NA,NA,"rolling_sd_max",2.6
"rolling_sd","temperature_degree_c","Halifax",NA,NA,"rolling_sd_max",2.34
"rolling_sd","temperature_degree_c","Inverness",NA,NA,"rolling_sd_max",3.04
"rolling_sd","temperature_degree_c","Lunenburg",NA,NA,"rolling_sd_max",2.72
"rolling_sd","temperature_degree_c","Pictou",NA,NA,"rolling_sd_max",2.5
"rolling_sd","temperature_degree_c","Queens",NA,NA,"rolling_sd_max",1.82
"rolling_sd","temperature_degree_c","Richmond",NA,NA,"rolling_sd_max",2.59
"rolling_sd","temperature_degree_c","Shelburne",NA,NA,"rolling_sd_max",2
"rolling_sd","temperature_degree_c","Victoria",NA,NA,"rolling_sd_max",1.72
"rolling_sd","temperature_degree_c","Yarmouth",NA,NA,"rolling_sd_max",1.14
